"","Measure","Count.Total","Mean.Total","SD.Total","Count.ASD1","Mean.ASD1","SD.ASD1","Count.ASD2","Mean.ASD2","SD.ASD2","F.Value","F.df1","F.df2","Fsig","CohensD","t.Value","t.df","t.p","tp.adj","Significance"
"1","CIS_P_Score",193,11.9481865284974,8.3645712013045,68,7.25,6.28044822052903,125,14.504,8.26635622032406,0.577235518362325,67,124,0.0141514106308681,-0.950867502454281,-6.83391334957604,170.817340242292,1.39733461728691e-10,1.71985518522866e-09,"***"
"2","CIS_SR_Total",175,11.1371428571429,9.54683210725276,57,7.6140350877193,6.27282798483414,118,12.8389830508475,10.3799365468995,0.365205542061858,56,117,5.41129963787545e-05,-0.56472311475369,-4.12630312580188,164.426913785894,5.84400967447612e-05,0.000719287292881151,"***"
"3","DTS_Total",207,30.6376811594203,12.0250196469485,75,27.7733333333333,9.30209702212404,132,32.2651515151515,13.0821595484136,0.50559508920677,74,131,0.00156685405817679,-0.378817920039313,-2.86956673425658,194.803577226827,0.00456412873699852,0.0561758105558068,""
"4","RBS_Total",173,38.2658959537572,35.5785871703139,55,11.5454545454545,17.9090481805708,118,50.7203389830508,34.9397248002167,0.262727812419939,54,117,2.76806338513644e-07,-1.28008968849528,-9.73994748326034,169.433874755454,4.42828043162426e-18,5.45037743125763e-17,"***"
"5","SCQ_Total",229,9.45851528384279,5.81470304230234,84,5.54761904761905,3.64180797779107,145,11.7241379310345,5.6390044908219,0.417089450180743,83,144,2.28011753275242e-05,-1.23478440166554,-10.056900684618,224.288086447697,7.03913615786672e-20,8.66384806535703e-19,"***"
"6","PSI_Total",194,79,24.919143857082,66,62.2878787878788,18.0791125986402,128,87.6171875,23.5880395068261,0.587449483400921,65,127,0.0184419669984691,-1.15770479289959,-8.30617427969504,164.370168347499,3.48903888464459e-14,4.29434835649557e-13,"***"
"7","SCARED_P_Total",213,13.7887323943662,11.3127689080405,73,8.36986301369863,7.39839856792421,140,16.6142857142857,11.9739439625588,0.381769303238732,72,139,1.27026414541497e-05,-0.775128284223753,-6.19003358939834,204.950879394425,3.22612400970044e-09,3.97074976718674e-08,"***"
"8","SCARED_SR_Total",163,19.9754601226994,14.6628576368014,56,15.9821428571429,12.1916380753793,107,22.0654205607477,15.4475808865333,0.622878251558869,55,106,0.054042694043672,-0.42191582149236,-2.75253518800552,136.319367939359,0.00671926075495859,0.0827014181667996,""
