"","Measure","Count.Total","Count.ASD1","Count.ASD2","Mean.Total","SD.Total","Mean.ASD1","SD.ASD1","Mean.ASD2","SD.ASD2","t.Value","p","Significance"
"1","ASSQ_Total",178,98,80,17.5786516853933,10.7439113953011,17.8469387755102,10.3946378333704,17.25,11.2142540398765,0.365011129803685,0.715575491494164,""
"2","SRS_Total",172,96,76,80.8081395348837,28.8036982482413,81.9583333333333,29.1947784324406,79.3552631578947,28.4280162034419,0.589296951415376,0.556478550683473,""
"3","SRS_AWR",172,96,76,10.4244186046512,3.54422142479218,10.4270833333333,3.34898190866439,10.4210526315789,3.79916888418063,0.0108887433876324,0.991326617787302,""
"4","SRS_COG",172,96,76,14.8953488372093,6.67986250124175,15.15625,7.21887602419044,14.5657894736842,5.96061635809763,0.587436763381725,0.557691300498851,""
"5","SRS_COM",172,96,76,27.3604651162791,10.3685453148522,27.78125,10.4339558275146,26.8289473684211,10.3297475385668,0.597759477247278,0.550836315247095,""
"6","SRS_DSMRRB",172,96,76,16.0348837209302,7.22479109865113,16.3333333333333,7.05716010672351,15.6578947368421,7.46110381749501,0.603826115465182,0.546831970184444,""
"7","SRS_MOT",172,96,76,12.093023255814,5.91781512348209,12.2604166666667,6.34987739900985,11.8815789473684,5.35653396706778,0.424205596316531,0.671954450852411,""
"8","SRS_SCI",172,96,76,64.7732558139535,22.8506666155778,65.625,23.3608985047101,63.6973684210526,22.2967978190245,0.551289606981985,0.582184853208021,""
"9","SRS_RRB",172,96,76,16.0348837209302,7.22479109865113,16.3333333333333,7.05716010672351,15.6578947368421,7.46110381749501,0.603826115465182,0.546831970184444,""
