"","Measure","Count.Total","Count.ASD1","Count.ASD2","Mean.Total","SD.Total","Mean.ASD1","SD.ASD1","Mean.ASD2","SD.ASD2","t.Value","p","Significance"
"1","CIS_P_Score",154,84,70,14.5584415584416,8.2588728384642,14.0595238095238,8.10079750718646,15.1571428571429,8.46413698535369,-0.817056157737752,0.415241090685174,""
"2","CIS_SR_Total",147,81,66,12.4965986394558,10.1848491758625,12.7777777777778,9.43927963353136,12.1515151515152,11.0957267231647,0.363677337153175,0.716698590845917,""
"3","DTS_Total",164,91,73,33.109756097561,12.8292286084789,34.0879120879121,12.8648084596428,31.8904109589041,12.7677563110225,1.09170344174669,0.276659017137292,""
"4","RBS_Total",145,79,66,47.551724137931,35.1087459494866,46.4177215189873,34.5838288855209,48.9090909090909,35.9451407961236,-0.422835313646612,0.673081185709456,""
"5","SCQ_Total",178,98,80,11.7696629213483,5.58425762470441,11.7551020408163,5.67152632139027,11.7875,5.51107917479744,-0.0385069292930654,0.969328498440842,""
"6","PSI_Total",152,85,67,87.3881578947368,23.3329058326952,87.7882352941176,24.4263197809088,86.8805970149254,22.0395803650722,0.240277006585156,0.810449749140704,""
"7","SCARED_P_Total",173,94,79,16.1271676300578,11.7896294377676,15.7872340425532,12.3208646711873,16.5316455696203,11.1893211945965,-0.416154646765625,0.677821897756109,""
"8","SCARED_SR_Total",137,76,61,21.4963503649635,14.7683704583136,20.0263157894737,13.8371227107474,23.327868852459,15.7762704839424,-1.28517991632173,0.20119856362425,""
