"","Measure","Count.Total","Count.ASD1","Count.ASD2","Mean.Total","SD.Total","Mean.ASD1","SD.ASD1","Mean.ASD2","SD.ASD2","t.Value","p","Significance"
"1","CIS_P_Score",124,74,50,14.5564516129032,8.27897957200869,15.0135135135135,8.33460066878036,13.88,8.23293535076014,0.748336657865245,0.455911477967199,""
"2","CIS_SR_Total",117,70,47,12.8034188034188,10.4173589513546,13.1714285714286,10.4215098471778,12.2553191489362,10.4994163090484,0.464067080745297,0.643625674047131,""
"3","DTS_Total",131,80,51,32.3969465648855,13.0441141394017,33.7,13.3429922820174,30.3529411764706,12.4142233416541,1.46115681845145,0.146766395106791,""
"4","RBS_Total",117,71,46,50.1538461538462,34.5414831522249,49.3239436619718,34.8305180831356,51.4347826086956,34.4336090172333,-0.322416425799044,0.747830938312854,""
"5","SCQ_Total",144,89,55,11.7013888888889,5.65200609365143,11.7415730337079,5.70192967712694,11.6363636363636,5.62192676989487,0.108517571985571,0.913773004032129,""
"6","PSI_Total",127,77,50,87.8267716535433,23.5615015853273,89.5584415584416,24.4553801563569,85.16,22.0892068944199,1.05065602350303,0.295674081043791,""
"7","SCARED_P_Total",139,84,55,16.4604316546763,11.8775553693281,16.7738095238095,12.0294329709191,15.9818181818182,11.7354968161508,0.385227853580156,0.700764277579762,""
"8","SCARED_SR_Total",106,62,44,21.8018867924528,15.2773843506206,21.3387096774194,15.5784040812148,22.4545454545455,14.9968284173448,-0.371413788397192,0.711157631383574,""
