"","Measure","Count.Total","Count.ASD1","Count.ASD2","Mean.Total","SD.Total","Mean.ASD1","SD.ASD1","Mean.ASD2","SD.ASD2","t.Value","p","Significance"
"1","SNR",133,72,61,23.4343820731913,6.09265167806951,26.0866243884875,4.69405989302585,20.3038665534974,6.09806186444097,6.04326896919055,2.03915726628836e-08,"***"
"2","FWHM",133,72,61,3.55558388137391,0.332191122290692,3.52262889469472,0.338534913610173,3.59448157056902,0.322976190888608,-1.25045207894858,0.213395572515438,""
"3","EFC",133,72,61,0.549904997144639,0.0399103749044372,0.543457995565431,0.0364400007339846,0.557514572779115,0.0427104105318714,-2.02159251910826,0.0454678665262258,"*"
"4","FBER",133,72,61,1074.94841322982,716.454065888951,1285.10469416289,693.978936215098,826.895098030133,666.196709640833,3.87747093698521,0.0001673338974186,"***"
"5","Qi1",133,72,61,0.375358005171773,0.155966574987666,0.345720461522842,0.153614766006683,0.410340023904938,0.15262489119366,-2.42578210407878,0.0166730328045672,"*"
"6","CNR",133,72,61,10.5820749585108,3.23842237827173,12.0154481063617,2.90080967785448,8.8902246856377,2.78196155676733,6.33014207615464,3.72551680481194e-09,"***"
