"","Measure","Count.Total","Mean.Total","SD.Total","Count.ASD1","Mean.ASD1","SD.ASD1","Count.ASD2","Mean.ASD2","SD.ASD2","t.Value","p","Significance"
"1","SNR",106,23.3854292532164,6.34828245569191,82,24.9069876826176,5.77972442825388,24,18.1867712860958,5.46643328739182,5.2277864804556,5.96616936283984e-06,"***"
"2","FWHM",106,3.55875127211774,0.352626666088422,82,3.5011731803711,0.352190380618979,24,3.75547641891875,0.280413745953823,-3.67476907751573,0.000616277101265321,"***"
"3","EFC",106,0.541902828963283,0.0363857856580647,82,0.536607444588085,0.0332901514534661,24,0.559995392245208,0.0412255976545194,-2.5468420696539,0.0158333785018365,"*"
"4","FBER",106,1042.31120064469,724.751777890765,82,1171.74495630976,747.048138696457,24,600.079202122375,410.771896628732,4.85993162065983,6.88574851734423e-06,"***"
"5","Qi1",106,0.376502381290689,0.153710956948846,82,0.34922713458278,0.146600367102651,24,0.469692807542708,0.143039384019182,-3.6083021932733,0.000879551866637915,"***"
"6","CNR",106,10.506219379645,3.37005359524082,82,11.3650997808523,3.19099541706845,24,7.57171134218667,2.09110273656968,6.8533421316836,5.38742967638536e-09,"***"
